CVE-2015-0339,CWE-399,"Adobe Flash Player before 13.0.0.277 and 14.x through 17.x before 17.0.0.134 on Windows and OS X and before 11.2.202.451 on Linux allows attackers to execute arbitrary code or cause a denial of service (memory corruption) via unspecified vectors, a different vulnerability than CVE-2015-0332, CVE-2015-0333, and CVE-2015-0335."
CVE-2015-0335,CWE-399,"Adobe Flash Player before 13.0.0.277 and 14.x through 17.x before 17.0.0.134 on Windows and OS X and before 11.2.202.451 on Linux allows attackers to execute arbitrary code or cause a denial of service (memory corruption) via unspecified vectors, a different vulnerability than CVE-2015-0332, CVE-2015-0333, and CVE-2015-0339."
CVE-2015-0333,CWE-399,"Adobe Flash Player before 13.0.0.277 and 14.x through 17.x before 17.0.0.134 on Windows and OS X and before 11.2.202.451 on Linux allows attackers to execute arbitrary code or cause a denial of service (memory corruption) via unspecified vectors, a different vulnerability than CVE-2015-0332, CVE-2015-0335, and CVE-2015-0339."
CVE-2015-0199,CWE-399,"The mmfslinux kernel module in IBM General Parallel File System (GPFS) 3.4 before 3.4.0.32, 3.5 before 3.5.0.24, and 4.1 before 4.1.0.7 allows local users to cause a denial of service (memory corruption) via unspecified character-device ioctl calls."
CVE-2014-9428,CWE-399,"The batadv_frag_merge_packets function in net/batman-adv/fragmentation.c in the B.A.T.M.A.N. implementation in the Linux kernel through 3.18.1 uses an incorrect length field during a calculation of an amount of memory, which allows remote attackers to cause a denial of service (mesh-node system crash) via fragmented packets."
CVE-2014-9420,CWE-399,"The rock_continue function in fs/isofs/rock.c in the Linux kernel through 3.18.1 does not restrict the number of Rock Ridge continuation entries, which allows local users to cause a denial of service (infinite loop, and system crash or hang) via a crafted iso9660 image."
CVE-2014-8481,CWE-399,"The instruction decoder in arch/x86/kvm/emulate.c in the KVM subsystem in the Linux kernel before 3.18-rc2 does not properly handle invalid instructions, which allows guest OS users to cause a denial of service (NULL pointer dereference and host OS crash) via a crafted application that triggers (1) an improperly fetched instruction or (2) an instruction that occupies too many bytes.  NOTE: this vulnerability exists because of an incomplete fix for CVE-2014-8480."
CVE-2014-8480,CWE-399,"The instruction decoder in arch/x86/kvm/emulate.c in the KVM subsystem in the Linux kernel before 3.18-rc2 lacks intended decoder-table flags for certain RIP-relative instructions, which allows guest OS users to cause a denial of service (NULL pointer dereference and host OS crash) via a crafted application."
CVE-2014-7841,CWE-399,"The sctp_process_param function in net/sctp/sm_make_chunk.c in the SCTP implementation in the Linux kernel before 3.17.4, when ASCONF is used, allows remote attackers to cause a denial of service (NULL pointer dereference and system crash) via a malformed INIT chunk."
CVE-2014-7300,CWE-399,"GNOME Shell 3.14.x before 3.14.1, when the Screen Lock feature is used, does not limit the aggregate memory consumption of all active PrtSc requests, which allows physically proximate attackers to execute arbitrary commands on an unattended workstation by making many PrtSc requests and leveraging a temporary lock outage, and the resulting temporary shell availability, caused by the Linux kernel OOM killer."
CVE-2014-7283,CWE-399,"The xfs_da3_fixhashpath function in fs/xfs/xfs_da_btree.c in the xfs implementation in the Linux kernel before 3.14.2 does not properly compare btree hash values, which allows local users to cause a denial of service (filesystem corruption, and OOPS or panic) via operations on directories that have hash collisions, as demonstrated by rmdir operations."
CVE-2014-7145,CWE-399,"The SMB2_tcon function in fs/cifs/smb2pdu.c in the Linux kernel before 3.16.3 allows remote CIFS servers to cause a denial of service (NULL pointer dereference and client system crash) or possibly have unspecified other impact by deleting the IPC$ share during resolution of DFS referrals."
CVE-2014-6418,CWE-399,"net/ceph/auth_x.c in Ceph, as used in the Linux kernel before 3.16.3, does not properly validate auth replies, which allows remote attackers to cause a denial of service (system crash) or possibly have unspecified other impact via crafted data from the IP address of a Ceph Monitor."
CVE-2014-6417,CWE-399,"net/ceph/auth_x.c in Ceph, as used in the Linux kernel before 3.16.3, does not properly consider the possibility of kmalloc failure, which allows remote attackers to cause a denial of service (system crash) or possibly have unspecified other impact via a long unencrypted auth ticket."
CVE-2014-6410,CWE-399,"The __udf_read_inode function in fs/udf/inode.c in the Linux kernel through 3.16.3 does not restrict the amount of ICB indirection, which allows physically proximate attackers to cause a denial of service (infinite loop or stack consumption) via a UDF filesystem with a crafted inode."
CVE-2014-5471,CWE-399,"Stack consumption vulnerability in the parse_rock_ridge_inode_internal function in fs/isofs/rock.c in the Linux kernel through 3.16.1 allows local users to cause a denial of service (uncontrolled recursion, and system crash or reboot) via a crafted iso9660 image with a CL entry referring to a directory entry that has a CL entry."
CVE-2014-3688,CWE-399,"The SCTP implementation in the Linux kernel before 3.17.4 allows remote attackers to cause a denial of service (memory consumption) by triggering a large number of chunks in an association's output queue, as demonstrated by ASCONF probes, related to net/sctp/inqueue.c and net/sctp/sm_statefuns.c."
CVE-2014-2580,CWE-399,"The netback driver in Xen, when using certain Linux versions that do not allow sleeping in softirq context, allows local guest administrators to cause a denial of service (scheduling while atomic error and host crash) via a malformed packet, which causes a mutex to be taken when trying to disable the interface."
CVE-2014-2568,CWE-399,"Use-after-free vulnerability in the nfqnl_zcopy function in net/netfilter/nfnetlink_queue_core.c in the Linux kernel through 3.13.6 allows attackers to obtain sensitive information from kernel memory by leveraging the absence of a certain orphaning operation. NOTE: the affected code was moved to the skb_zerocopy function in net/core/skbuff.c before the vulnerability was announced."
CVE-2014-1732,CWE-399,"Use-after-free vulnerability in browser/ui/views/speech_recognition_bubble_views.cc in Google Chrome before 34.0.1847.131 on Windows and OS X and before 34.0.1847.132 on Linux allows remote attackers to cause a denial of service or possibly have unspecified other impact via an INPUT element that triggers the presence of a Speech Recognition Bubble window for an incorrect duration."
CVE-2014-1713,CWE-399,"Use-after-free vulnerability in the AttributeSetter function in bindings/templates/attributes.cpp in the bindings in Blink, as used in Google Chrome before 33.0.1750.152 on OS X and Linux and before 33.0.1750.154 on Windows, allows remote attackers to cause a denial of service or possibly have unspecified other impact via vectors involving the document.location value."
CVE-2014-1446,CWE-399,"The yam_ioctl function in drivers/net/hamradio/yam.c in the Linux kernel before 3.12.8 does not initialize a certain structure member, which allows local users to obtain sensitive information from kernel memory by leveraging the CAP_NET_ADMIN capability for an SIOCYAMGCFG ioctl call."
CVE-2014-1445,CWE-399,"The wanxl_ioctl function in drivers/net/wan/wanxl.c in the Linux kernel before 3.11.7 does not properly initialize a certain data structure, which allows local users to obtain sensitive information from kernel memory via an ioctl call."
CVE-2014-1444,CWE-399,"The fst_get_iface function in drivers/net/wan/farsync.c in the Linux kernel before 3.11.7 does not properly initialize a certain data structure, which allows local users to obtain sensitive information from kernel memory by leveraging the CAP_NET_ADMIN capability for an SIOCWANDEV ioctl call."
CVE-2014-0506,CWE-399,"Use-after-free vulnerability in Adobe Flash Player before 11.7.700.275 and 11.8.x through 13.0.x before 13.0.0.182 on Windows and OS X and before 11.2.202.350 on Linux, Adobe AIR before 13.0.0.83 on Android, Adobe AIR SDK before 13.0.0.83, and Adobe AIR SDK & Compiler before 13.0.0.83 allows remote attackers to execute arbitrary code, and possibly bypass an Internet Explorer sandbox protection mechanism, via unspecified vectors, as demonstrated by VUPEN during a Pwn2Own competition at CanSecWest 2014."
CVE-2014-0502,CWE-399,"Double free vulnerability in Adobe Flash Player before 11.7.700.269 and 11.8.x through 12.0.x before 12.0.0.70 on Windows and Mac OS X and before 11.2.202.341 on Linux, Adobe AIR before 4.0.0.1628 on Android, Adobe AIR SDK before 4.0.0.1628, and Adobe AIR SDK & Compiler before 4.0.0.1628 allows remote attackers to execute arbitrary code via unspecified vectors, as exploited in the wild in February 2014."
CVE-2014-0131,CWE-399,"Use-after-free vulnerability in the skb_segment function in net/core/skbuff.c in the Linux kernel through 3.13.6 allows attackers to obtain sensitive information from kernel memory by leveraging the absence of a certain orphaning operation."
CVE-2013-7348,CWE-399,"Double free vulnerability in the ioctx_alloc function in fs/aio.c in the Linux kernel before 3.12.4 allows local users to cause a denial of service (system crash) or possibly have unspecified other impact via vectors involving an error condition in the aio_setup_ring function."
CVE-2013-7339,CWE-399,"The rds_ib_laddr_check function in net/rds/ib.c in the Linux kernel before 3.12.8 allows local users to cause a denial of service (NULL pointer dereference and system crash) or possibly have unspecified other impact via a bind system call for an RDS socket on a system that lacks RDS transports."
CVE-2013-6646,CWE-399,"Use-after-free vulnerability in the Web Workers implementation in Google Chrome before 32.0.1700.76 on Windows and before 32.0.1700.77 on Mac OS X and Linux allows remote attackers to cause a denial of service or possibly have unspecified other impact via vectors related to the shutting down of a worker process."
CVE-2013-6645,CWE-399,"Use-after-free vulnerability in the OnWindowRemovingFromRootWindow function in content/browser/web_contents/web_contents_view_aura.cc in Google Chrome before 32.0.1700.76 on Windows and before 32.0.1700.77 on Mac OS X and Linux allows user-assisted remote attackers to cause a denial of service or possibly have unspecified other impact via vectors involving certain print-preview and tab-switch actions that interact with a speech input element."
CVE-2013-6641,CWE-399,"Use-after-free vulnerability in the FormAssociatedElement::formRemovedFromTree function in core/html/FormAssociatedElement.cpp in Blink, as used in Google Chrome before 32.0.1700.76 on Windows and before 32.0.1700.77 on Mac OS X and Linux, allows remote attackers to cause a denial of service or possibly have unspecified other impact by leveraging improper handling of the past names map of a FORM element."
CVE-2013-6392,CWE-399,"The genlock_dev_ioctl function in genlock.c in the Genlock driver for the Linux kernel 3.x, as used in Qualcomm Innovation Center (QuIC) Android contributions for MSM devices and other products, does not properly initialize a certain data structure, which allows local users to obtain sensitive information from kernel stack memory via a crafted GENLOCK_IOC_EXPORT ioctl call."
CVE-2013-5634,CWE-399,"arch/arm/kvm/arm.c in the Linux kernel before 3.10 on the ARM platform, when KVM is used, allows host OS users to cause a denial of service (NULL pointer dereference, OOPS, and host OS crash) or possibly have unspecified other impact by omitting vCPU initialization before a KVM_GET_REG_LIST ioctl call."
CVE-2013-4592,CWE-399,"Memory leak in the __kvm_set_memory_region function in virt/kvm/kvm_main.c in the Linux kernel before 3.9 allows local users to cause a denial of service (memory consumption) by leveraging certain device access to trigger movement of memory slots."
CVE-2013-4348,CWE-399,"The skb_flow_dissect function in net/core/flow_dissector.c in the Linux kernel through 3.12 allows remote attackers to cause a denial of service (infinite loop) via a small value in the IHL field of a packet with IPIP encapsulation."
CVE-2013-4343,CWE-399,"Use-after-free vulnerability in drivers/net/tun.c in the Linux kernel through 3.11.1 allows local users to gain privileges by leveraging the CAP_NET_ADMIN capability and providing an invalid tuntap interface name in a TUNSETIFF ioctl call."
CVE-2013-4205,CWE-399,"Memory leak in the unshare_userns function in kernel/user_namespace.c in the Linux kernel before 3.10.6 allows local users to cause a denial of service (memory consumption) via an invalid CLONE_NEWUSER unshare call."
CVE-2013-4163,CWE-399,"The ip6_append_data_mtu function in net/ipv6/ip6_output.c in the IPv6 implementation in the Linux kernel through 3.10.3 does not properly maintain information about whether the IPV6_MTU setsockopt option had been specified, which allows local users to cause a denial of service (BUG and system crash) via a crafted application that uses the UDP_CORK option in a setsockopt system call."
CVE-2013-4162,CWE-399,"The udp_v6_push_pending_frames function in net/ipv6/udp.c in the IPv6 implementation in the Linux kernel through 3.10.3 makes an incorrect function call for pending data, which allows local users to cause a denial of service (BUG and system crash) via a crafted application that uses the UDP_CORK option in a setsockopt system call."
CVE-2013-4127,CWE-399,"Use-after-free vulnerability in the vhost_net_set_backend function in drivers/vhost/net.c in the Linux kernel through 3.10.3 allows local users to cause a denial of service (OOPS and system crash) via vectors involving powering on a virtual machine."
CVE-2013-4125,CWE-399,"The fib6_add_rt2node function in net/ipv6/ip6_fib.c in the IPv6 stack in the Linux kernel through 3.10.1 does not properly handle Router Advertisement (RA) messages in certain circumstances involving three routes that initially qualified for membership in an ECMP route set until a change occurred for one of the first two routes, which allows remote attackers to cause a denial of service (system crash) via a crafted sequence of messages."
CVE-2013-2636,CWE-399,"net/bridge/br_mdb.c in the Linux kernel before 3.8.4 does not initialize certain structures, which allows local users to obtain sensitive information from kernel memory via a crafted application."
CVE-2013-2635,CWE-399,"The rtnl_fill_ifinfo function in net/core/rtnetlink.c in the Linux kernel before 3.8.4 does not initialize a certain structure member, which allows local users to obtain sensitive information from kernel stack memory via a crafted application."
CVE-2013-2634,CWE-399,"net/dcb/dcbnl.c in the Linux kernel before 3.8.4 does not initialize certain structures, which allows local users to obtain sensitive information from kernel stack memory via a crafted application."
CVE-2013-2231,CWE-399,"Unquoted Windows search path vulnerability in the QEMU Guest Agent service for Red Hat Enterprise Linux Desktop 6, HPC Node 6, Server 6, Workstation 6, Desktop Supplementary 6, Server Supplementary 6, Supplementary AUS 6.4, Supplementary EUS 6.4.z, and Workstation Supplementary 6, when installing on Windows, allows local users to gain privileges via a crafted program in an unspecified folder."
CVE-2013-2148,CWE-399,"The fill_event_metadata function in fs/notify/fanotify/fanotify_user.c in the Linux kernel through 3.9.4 does not initialize a certain structure member, which allows local users to obtain sensitive information from kernel memory via a read operation on the fanotify descriptor."
CVE-2013-2147,CWE-399,"The HP Smart Array controller disk-array driver and Compaq SMART2 controller disk-array driver in the Linux kernel through 3.9.4 do not initialize certain data structures, which allows local users to obtain sensitive information from kernel memory via (1) a crafted IDAGETPCIINFO command for a /dev/ida device, related to the ida_locked_ioctl function in drivers/block/cpqarray.c or (2) a crafted CCISS_PASSTHRU32 command for a /dev/cciss device, related to the cciss_ioctl32_passthru function in drivers/block/cciss.c."
CVE-2013-2141,CWE-399,"The do_tkill function in kernel/signal.c in the Linux kernel before 3.8.9 does not initialize a certain data structure, which allows local users to obtain sensitive information from kernel memory via a crafted application that makes a (1) tkill or (2) tgkill system call."
CVE-2013-2017,CWE-399,"The veth (aka virtual Ethernet) driver in the Linux kernel before 2.6.34 does not properly manage skbs during congestion, which allows remote attackers to cause a denial of service (system crash) by leveraging lack of skb consumption in conjunction with a double-free error."
CVE-2013-2015,CWE-399,"The ext4_orphan_del function in fs/ext4/namei.c in the Linux kernel before 3.7.3 does not properly handle orphan-list entries for non-journal filesystems, which allows physically proximate attackers to cause a denial of service (system hang) via a crafted filesystem on removable media, as demonstrated by the e2fsprogs tests/f_orphan_extents_inode/image.gz test."
CVE-2013-1797,CWE-399,"Use-after-free vulnerability in arch/x86/kvm/x86.c in the Linux kernel through 3.8.4 allows guest OS users to cause a denial of service (host OS memory corruption) or possibly have unspecified other impact via a crafted application that triggers use of a guest physical address (GPA) in (1) movable or (2) removable memory during an MSR_KVM_SYSTEM_TIME kvm_set_msr_common operation."
CVE-2013-1767,CWE-399,"Use-after-free vulnerability in the shmem_remount_fs function in mm/shmem.c in the Linux kernel before 3.7.10 allows local users to gain privileges or cause a denial of service (system crash) by remounting a tmpfs filesystem without specifying a required mpol (aka mempolicy) mount option."
CVE-2013-1374,CWE-399,"Use-after-free vulnerability in Adobe Flash Player before 10.3.183.63 and 11.x before 11.6.602.168 on Windows, before 10.3.183.61 and 11.x before 11.6.602.167 on Mac OS X, before 10.3.183.61 and 11.x before 11.2.202.270 on Linux, before 11.1.111.43 on Android 2.x and 3.x, and before 11.1.115.47 on Android 4.x; Adobe AIR before 3.6.0.597; and Adobe AIR SDK before 3.6.0.599 allows attackers to execute arbitrary code via unspecified vectors, a different vulnerability than CVE-2013-0644 and CVE-2013-0649."
CVE-2013-0919,CWE-399,"Use-after-free vulnerability in Google Chrome before 26.0.1410.43 on Linux allows remote attackers to cause a denial of service or possibly have unspecified other impact by leveraging the presence of an extension that creates a pop-up window."
CVE-2013-0898,CWE-399,"Use-after-free vulnerability in Google Chrome before 25.0.1364.97 on Windows and Linux, and before 25.0.1364.99 on Mac OS X, allows remote attackers to cause a denial of service or possibly have unspecified other impact via vectors involving a URL."
CVE-2013-0880,CWE-399,"Use-after-free vulnerability in Google Chrome before 25.0.1364.97 on Windows and Linux, and before 25.0.1364.99 on Mac OS X, allows remote attackers to cause a denial of service or possibly have unspecified other impact via vectors related to databases."
CVE-2013-0650,CWE-399,"Use-after-free vulnerability in Adobe Flash Player before 10.3.183.68 and 11.x before 11.6.602.180 on Windows and Mac OS X, before 10.3.183.68 and 11.x before 11.2.202.275 on Linux, before 11.1.111.44 on Android 2.x and 3.x, and before 11.1.115.48 on Android 4.x; Adobe AIR before 3.6.0.6090; Adobe AIR SDK before 3.6.0.6090; and Adobe AIR SDK & Compiler before 3.6.0.6090 allows attackers to execute arbitrary code via unspecified vectors."
CVE-2013-0649,CWE-399,"Use-after-free vulnerability in Adobe Flash Player before 10.3.183.63 and 11.x before 11.6.602.168 on Windows, before 10.3.183.61 and 11.x before 11.6.602.167 on Mac OS X, before 10.3.183.61 and 11.x before 11.2.202.270 on Linux, before 11.1.111.43 on Android 2.x and 3.x, and before 11.1.115.47 on Android 4.x; Adobe AIR before 3.6.0.597; and Adobe AIR SDK before 3.6.0.599 allows attackers to execute arbitrary code via unspecified vectors, a different vulnerability than CVE-2013-0644 and CVE-2013-1374."
CVE-2013-0644,CWE-399,"Use-after-free vulnerability in Adobe Flash Player before 10.3.183.63 and 11.x before 11.6.602.168 on Windows, before 10.3.183.61 and 11.x before 11.6.602.167 on Mac OS X, before 10.3.183.61 and 11.x before 11.2.202.270 on Linux, before 11.1.111.43 on Android 2.x and 3.x, and before 11.1.115.47 on Android 4.x; Adobe AIR before 3.6.0.597; and Adobe AIR SDK before 3.6.0.599 allows attackers to execute arbitrary code via unspecified vectors, a different vulnerability than CVE-2013-0649 and CVE-2013-1374."
CVE-2013-0217,CWE-399,"Memory leak in drivers/net/xen-netback/netback.c in the Xen netback functionality in the Linux kernel before 3.7.8 allows guest OS users to cause a denial of service (memory consumption) by triggering certain error conditions."
CVE-2012-6638,CWE-399,"The tcp_rcv_state_process function in net/ipv4/tcp_input.c in the Linux kernel before 3.2.24 allows remote attackers to cause a denial of service (kernel resource consumption) via a flood of SYN+FIN TCP packets, a different vulnerability than CVE-2012-2663."
CVE-2012-4467,CWE-399,"The (1) do_siocgstamp and (2) do_siocgstampns functions in net/socket.c in the Linux kernel before 3.5.4 use an incorrect argument order, which allows local users to obtain sensitive information from kernel memory or cause a denial of service (system crash) via a crafted ioctl call."
CVE-2012-3510,CWE-399,"Use-after-free vulnerability in the xacct_add_tsk function in kernel/tsacct.c in the Linux kernel before 2.6.19 allows local users to obtain potentially sensitive information from kernel memory or cause a denial of service (system crash) via a taskstats TASKSTATS_CMD_ATTR_PID command."
CVE-2012-2857,CWE-399,"Use-after-free vulnerability in the Cascading Style Sheets (CSS) DOM implementation in Google Chrome before 21.0.1180.57 on Mac OS X and Linux, and before 21.0.1180.60 on Windows and Chrome Frame, allows remote attackers to cause a denial of service or possibly have unspecified other impact via a crafted document."
CVE-2012-2855,CWE-399,"Use-after-free vulnerability in the PDF functionality in Google Chrome before 21.0.1180.57 on Mac OS X and Linux, and before 21.0.1180.60 on Windows and Chrome Frame, allows remote attackers to cause a denial of service or possibly have unspecified other impact via a crafted document."
CVE-2012-2852,CWE-399,"The PDF functionality in Google Chrome before 21.0.1180.57 on Mac OS X and Linux, and before 21.0.1180.60 on Windows and Chrome Frame, does not properly handle object linkage, which allows remote attackers to cause a denial of service (use-after-free) or possibly have unspecified other impact via a crafted document."
CVE-2012-2847,CWE-399,"Google Chrome before 21.0.1180.57 on Mac OS X and Linux, and before 21.0.1180.60 on Windows and Chrome Frame, does not request user confirmation before continuing a large series of downloads, which allows user-assisted remote attackers to cause a denial of service (resource consumption) via a crafted web site."
CVE-2012-2390,CWE-399,"Memory leak in mm/hugetlb.c in the Linux kernel before 3.4.2 allows local users to cause a denial of service (memory consumption or system crash) via invalid MAP_HUGETLB mmap operations."
CVE-2012-2133,CWE-399,"Use-after-free vulnerability in the Linux kernel before 3.3.6, when huge pages are enabled, allows local users to cause a denial of service (system crash) or possibly gain privileges by interacting with a hugetlbfs filesystem, as demonstrated by a umount operation that triggers improper handling of quota data."
CVE-2012-2124,CWE-399,"functions/imap_general.php in SquirrelMail, as used in Red Hat Enterprise Linux (RHEL) 4 and 5, does not properly handle 8-bit characters in passwords, which allows remote attackers to cause a denial of service (disk consumption) by making many IMAP login attempts with different usernames, leading to the creation of many preference files.  NOTE: this issue exists because of an incorrect fix for CVE-2010-2813."
CVE-2012-1601,CWE-399,"The KVM implementation in the Linux kernel before 3.3.6 allows host OS users to cause a denial of service (NULL pointer dereference and host OS crash) by making a KVM_CREATE_IRQCHIP ioctl call after a virtual CPU already exists."
CVE-2012-1583,CWE-399,"Double free vulnerability in the xfrm6_tunnel_rcv function in net/ipv6/xfrm6_tunnel.c in the Linux kernel before 2.6.22, when the xfrm6_tunnel module is enabled, allows remote attackers to cause a denial of service (panic) via crafted IPv6 packets."
CVE-2012-0768,CWE-399,"The Matrix3D component in Adobe Flash Player before 10.3.183.16 and 11.x before 11.1.102.63 on Windows, Mac OS X, Linux, and Solaris; before 11.1.111.7 on Android 2.x and 3.x; and before 11.1.115.7 on Android 4.x allows attackers to execute arbitrary code or cause a denial of service (memory corruption) via unspecified vectors."
CVE-2011-3593,CWE-399,"A certain Red Hat patch to the vlan_hwaccel_do_receive function in net/8021q/vlan_core.c in the Linux kernel 2.6.32 on Red Hat Enterprise Linux (RHEL) 6 allows remote attackers to cause a denial of service (system crash) via priority-tagged VLAN frames."
CVE-2011-3096,CWE-399,"Use-after-free vulnerability in Google Chrome before 19.0.1084.46 on Linux allows remote attackers to cause a denial of service or possibly have unspecified other impact by leveraging an error in the GTK implementation of the omnibox."
CVE-2011-2918,CWE-399,"The Performance Events subsystem in the Linux kernel before 3.1 does not properly handle event overflows associated with PERF_COUNT_SW_CPU_CLOCK events, which allows local users to cause a denial of service (system hang) via a crafted application."
CVE-2011-2887,CWE-399,"IBM Lotus Symphony 3 before FP3 on Linux allows remote attackers to cause a denial of service (application crash) via a certain sample document."
CVE-2011-2723,CWE-399,"The skb_gro_header_slow function in include/linux/netdevice.h in the Linux kernel before 2.6.39.4, when Generic Receive Offload (GRO) is enabled, resets certain fields in incorrect situations, which allows remote attackers to cause a denial of service (system crash) via crafted network traffic."
CVE-2011-2689,CWE-399,"The gfs2_fallocate function in fs/gfs2/file.c in the Linux kernel before 3.0-rc1 does not ensure that the size of a chunk allocation is a multiple of the block size, which allows local users to cause a denial of service (BUG and system crash) by arranging for all resource groups to have too little free space."
CVE-2011-2491,CWE-399,"The Network Lock Manager (NLM) protocol implementation in the NFS client functionality in the Linux kernel before 3.0 allows local users to cause a denial of service (system hang) via a LOCK_UN flock system call."
CVE-2011-2484,CWE-399,"The add_del_listener function in kernel/taskstats.c in the Linux kernel 2.6.39.1 and earlier does not prevent multiple registrations of exit handlers, which allows local users to cause a denial of service (memory and CPU consumption), and bypass the OOM Killer, via a crafted application."
CVE-2011-2479,CWE-399,"The Linux kernel before 2.6.39 does not properly create transparent huge pages in response to a MAP_PRIVATE mmap system call on /dev/zero, which allows local users to cause a denial of service (system crash) via a crafted application."
CVE-2011-2189,CWE-399,"net/core/net_namespace.c in the Linux kernel 2.6.32 and earlier does not properly handle a high rate of creation and cleanup of network namespaces, which makes it easier for remote attackers to cause a denial of service (memory consumption) via requests to a daemon that requires a separate namespace per connection, as demonstrated by vsftpd."
CVE-2011-1747,CWE-399,"The agp subsystem in the Linux kernel 2.6.38.5 and earlier does not properly restrict memory allocation by the (1) AGPIOC_RESERVE and (2) AGPIOC_ALLOCATE ioctls, which allows local users to cause a denial of service (memory consumption) by making many calls to these ioctls."
CVE-2011-1479,CWE-399,"Double free vulnerability in the inotify subsystem in the Linux kernel before 2.6.39 allows local users to cause a denial of service (system crash) via vectors involving failed attempts to create files.  NOTE: this vulnerability exists because of an incorrect fix for CVE-2010-4250."
CVE-2011-1090,CWE-399,"The __nfs4_proc_set_acl function in fs/nfs/nfs4proc.c in the Linux kernel before 2.6.38 stores NFSv4 ACL data in memory that is allocated by kmalloc but not properly freed, which allows local users to cause a denial of service (panic) via a crafted attempt to set an ACL."
CVE-2011-1083,CWE-399,"The epoll implementation in the Linux kernel 2.6.37.2 and earlier does not properly traverse a tree of epoll file descriptors, which allows local users to cause a denial of service (CPU consumption) via a crafted application that makes epoll_create and epoll_ctl system calls."
CVE-2011-1082,CWE-399,"fs/eventpoll.c in the Linux kernel before 2.6.38 places epoll file descriptors within other epoll data structures without properly checking for (1) closed loops or (2) deep chains, which allows local users to cause a denial of service (deadlock or stack memory consumption) via a crafted application that makes epoll_create and epoll_ctl system calls."
CVE-2011-0999,CWE-399,"mm/huge_memory.c in the Linux kernel before 2.6.38-rc5 does not prevent creation of a transparent huge page (THP) during the existence of a temporary stack for an exec system call, which allows local users to cause a denial of service (memory consumption) or possibly have unspecified other impact via a crafted application."
CVE-2011-0714,CWE-399,"Use-after-free vulnerability in a certain Red Hat patch for the RPC server sockets functionality in the Linux kernel 2.6.32 on Red Hat Enterprise Linux (RHEL) 6 might allow remote attackers to cause a denial of service (crash) via malformed data in a packet, related to lockd and the svc_xprt_received function."
CVE-2011-0001,CWE-399,"Double free vulnerability in the iscsi_rx_handler function (usr/iscsi/iscsid.c) in the tgt daemon (tgtd) in Linux SCSI target framework (tgt) before 1.0.14, aka scsi-target-utils, allows remote attackers to cause a denial of service (memory corruption and crash) and possibly execute arbitrary code via unknown vectors related to a buffer overflow during iscsi login.  NOTE: some of these details are obtained from third party information."
CVE-2010-4805,CWE-399,"The socket implementation in net/core/sock.c in the Linux kernel before 2.6.35 does not properly manage a backlog of received packets, which allows remote attackers to cause a denial of service by sending a large amount of network traffic, related to the sk_add_backlog function and the sk_rmem_alloc socket field.  NOTE: this vulnerability exists because of an incomplete fix for CVE-2010-4251."
CVE-2010-4785,CWE-399,"The do_extendedOp function in ibmslapd in IBM Tivoli Directory Server (TDS) 6.0 before 6.0.0.62 (aka 6.0.0.8-TIV-ITDS-IF0004) on Linux, Solaris, and Windows allows remote authenticated users to cause a denial of service (ABEND) via a malformed LDAP extended operation that triggers certain comparisons involving the NULL operation OID."
CVE-2010-4707,CWE-399,"The check_acl function in pam_xauth.c in the pam_xauth module in Linux-PAM (aka pam) 1.1.2 and earlier does not verify that a certain ACL file is a regular file, which might allow local users to cause a denial of service (resource consumption) via a special file."
CVE-2010-4668,CWE-399,"The blk_rq_map_user_iov function in block/blk-map.c in the Linux kernel before 2.6.37-rc7 allows local users to cause a denial of service (panic) via a zero-length I/O request in a device ioctl to a SCSI device, related to an unaligned map.  NOTE: this vulnerability exists because of an incomplete fix for CVE-2010-4163."
CVE-2010-4342,CWE-399,"The aun_incoming function in net/econet/af_econet.c in the Linux kernel before 2.6.37-rc6, when Econet is enabled, allows remote attackers to cause a denial of service (NULL pointer dereference and OOPS) by sending an Acorn Universal Networking (AUN) packet over UDP."
CVE-2010-4251,CWE-399,"The socket implementation in net/core/sock.c in the Linux kernel before 2.6.34 does not properly manage a backlog of received packets, which allows remote attackers to cause a denial of service (memory consumption) by sending a large amount of network traffic, as demonstrated by netperf UDP tests."
CVE-2010-4250,CWE-399,"Memory leak in the inotify_init1 function in fs/notify/inotify/inotify_user.c in the Linux kernel before 2.6.37 allows local users to cause a denial of service (memory consumption) via vectors involving failed attempts to create files."
CVE-2010-4249,CWE-399,"The wait_for_unix_gc function in net/unix/garbage.c in the Linux kernel before 2.6.37-rc3-next-20101125 does not properly select times for garbage collection of inflight sockets, which allows local users to cause a denial of service (system hang) via crafted use of the socketpair and sendmsg system calls for SOCK_SEQPACKET sockets."
CVE-2010-4243,CWE-399,"fs/exec.c in the Linux kernel before 2.6.37 does not enable the OOM Killer to assess use of stack memory by arrays representing the (1) arguments and (2) environment, which allows local users to cause a denial of service (memory consumption) via a crafted exec system call, aka an OOM dodging issue, a related issue to CVE-2010-3858."
CVE-2010-4169,CWE-399,"Use-after-free vulnerability in mm/mprotect.c in the Linux kernel before 2.6.37-rc2 allows local users to cause a denial of service via vectors involving an mprotect system call."
CVE-2010-4163,CWE-399,"The blk_rq_map_user_iov function in block/blk-map.c in the Linux kernel before 2.6.36.2 allows local users to cause a denial of service (panic) via a zero-length I/O request in a device ioctl to a SCSI device."
CVE-2010-4161,CWE-399,"The udp_queue_rcv_skb function in net/ipv4/udp.c in a certain Red Hat build of the Linux kernel 2.6.18 in Red Hat Enterprise Linux (RHEL) 5 allows attackers to cause a denial of service (deadlock and system hang) by sending UDP traffic to a socket that has a crafted socket filter, a related issue to CVE-2010-4158."
CVE-2010-3880,CWE-399,"net/ipv4/inet_diag.c in the Linux kernel before 2.6.37-rc2 does not properly audit INET_DIAG bytecode, which allows local users to cause a denial of service (kernel infinite loop) via crafted INET_DIAG_REQ_BYTECODE instructions in a netlink message that contains multiple attribute elements, as demonstrated by INET_DIAG_BC_JMP instructions."
CVE-2010-3873,CWE-399,"The X.25 implementation in the Linux kernel before 2.6.36.2 does not properly parse facilities, which allows remote attackers to cause a denial of service (heap memory corruption and panic) or possibly have unspecified other impact via malformed (1) X25_FAC_CALLING_AE or (2) X25_FAC_CALLED_AE data, related to net/x25/x25_facilities.c and net/x25/x25_in.c, a different vulnerability than CVE-2010-4164."
CVE-2010-3858,CWE-399,"The setup_arg_pages function in fs/exec.c in the Linux kernel before 2.6.36, when CONFIG_STACK_GROWSDOWN is used, does not properly restrict the stack memory consumption of the (1) arguments and (2) environment for a 32-bit application on a 64-bit platform, which allows local users to cause a denial of service (system crash) via a crafted exec system call, a related issue to CVE-2010-2240."
CVE-2010-3698,CWE-399,"The KVM implementation in the Linux kernel before 2.6.36 does not properly reload the FS and GS segment registers, which allows host OS users to cause a denial of service (host OS crash) via a KVM_RUN ioctl call in conjunction with a modified Local Descriptor Table (LDT)."
CVE-2010-3477,CWE-399,"The tcf_act_police_dump function in net/sched/act_police.c in the actions implementation in the network queueing functionality in the Linux kernel before 2.6.36-rc4 does not properly initialize certain structure members, which allows local users to obtain potentially sensitive information from kernel memory via vectors involving a dump operation.  NOTE: this vulnerability exists because of an incomplete fix for CVE-2010-2942."
CVE-2010-3080,CWE-399,"Double free vulnerability in the snd_seq_oss_open function in sound/core/seq/oss/seq_oss_init.c in the Linux kernel before 2.6.36-rc4 might allow local users to cause a denial of service or possibly have unspecified other impact via an unsuccessful attempt to open the /dev/sequencer device."
CVE-2010-3078,CWE-399,"The xfs_ioc_fsgetxattr function in fs/xfs/linux-2.6/xfs_ioctl.c in the Linux kernel before 2.6.36-rc4 does not initialize a certain structure member, which allows local users to obtain potentially sensitive information from kernel stack memory via an ioctl call."
CVE-2010-2997,CWE-399,"Use-after-free vulnerability in RealNetworks RealPlayer 11.0 through 11.1, RealPlayer SP 1.0 through 1.0.1, Mac RealPlayer 11.0 through 11.1, Linux RealPlayer 11.0.2.1744, and possibly HelixPlayer 1.0.6 and other versions, allows remote attackers to execute arbitrary code or cause a denial of service (heap memory corruption) via a crafted StreamTitle tag in an ICY SHOUTcast stream, related to the SMIL file format."
CVE-2010-2954,CWE-399,"The irda_bind function in net/irda/af_irda.c in the Linux kernel before 2.6.36-rc3-next-20100901 does not properly handle failure of the irda_open_tsap function, which allows local users to cause a denial of service (NULL pointer dereference and panic) and possibly have unspecified other impact via multiple unsuccessful calls to bind on an AF_IRDA (aka PF_IRDA) socket."
CVE-2010-2942,CWE-399,"The actions implementation in the network queueing functionality in the Linux kernel before 2.6.36-rc2 does not properly initialize certain structure members when performing dump operations, which allows local users to obtain potentially sensitive information from kernel memory via vectors related to (1) the tcf_gact_dump function in net/sched/act_gact.c, (2) the tcf_mirred_dump function in net/sched/act_mirred.c, (3) the tcf_nat_dump function in net/sched/act_nat.c, (4) the tcf_simp_dump function in net/sched/act_simple.c, and (5) the tcf_skbedit_dump function in net/sched/act_skbedit.c."
CVE-2010-2938,CWE-399,"arch/x86/hvm/vmx/vmcs.c in the virtual-machine control structure (VMCS) implementation in the Linux kernel 2.6.18 on Red Hat Enterprise Linux (RHEL) 5, when an Intel platform without Extended Page Tables (EPT) functionality is used, accesses VMCS fields without verifying hardware support for these fields, which allows local users to cause a denial of service (host OS crash) by requesting a VMCS dump for a fully virtualized Xen guest."
CVE-2010-1488,CWE-399,"The proc_oom_score function in fs/proc/base.c in the Linux kernel before 2.6.34-rc4 uses inappropriate data structures during selection of a candidate for the OOM killer, which might allow local users to cause a denial of service via unspecified patterns of task creation."
CVE-2010-1436,CWE-399,"gfs2 in the Linux kernel 2.6.18, and possibly other versions, does not properly handle when the gfs2_quota struct occupies two separate pages, which allows local users to cause a denial of service (kernel panic) via certain manipulations that cause an out-of-bounds write, as demonstrated by writing from an ext3 file system to a gfs2 file system."
CVE-2010-1188,CWE-399,"Use-after-free vulnerability in net/ipv4/tcp_input.c in the Linux kernel 2.6 before 2.6.20, when IPV6_RECVPKTINFO is set on a listening socket, allows remote attackers to cause a denial of service (kernel panic) via a SYN packet while the socket is in a listening (TCP_LISTEN) state, which is not properly handled and causes the skb structure to be freed."
CVE-2010-1086,CWE-399,"The ULE decapsulation functionality in drivers/media/dvb/dvb-core/dvb_net.c in dvb-core in Linux kernel 2.6.33 and earlier allows attackers to cause a denial of service (infinite loop) via a crafted MPEG2-TS frame, related to an invalid Payload Pointer ULE."
CVE-2010-1083,CWE-399,"The processcompl_compat function in drivers/usb/core/devio.c in Linux kernel 2.6.x through 2.6.32, and possibly other versions, does not clear the transfer buffer before returning to userspace when a USB command fails, which might make it easier for physically proximate attackers to obtain sensitive information (kernel memory)."
CVE-2010-0727,CWE-399,"The gfs2_lock function in the Linux kernel before 2.6.34-rc1-next-20100312, and the gfs_lock function in the Linux kernel on Red Hat Enterprise Linux (RHEL) 5 and 6, does not properly remove POSIX locks on files that are setgid without group-execute permission, which allows local users to cause a denial of service (BUG and system crash) by locking a file on a (1) GFS or (2) GFS2 filesystem, and then changing this file's permissions."
CVE-2010-0410,CWE-399,"drivers/connector/connector.c in the Linux kernel before 2.6.32.8 allows local users to cause a denial of service (memory consumption and system crash) by sending the kernel many NETLINK_CONNECTOR messages."
CVE-2010-0008,CWE-399,"The sctp_rcv_ootb function in the SCTP implementation in the Linux kernel before 2.6.23 allows remote attackers to cause a denial of service (infinite loop) via (1) an Out Of The Blue (OOTB) chunk or (2) a chunk of zero length."
CVE-2009-4308,CWE-399,"The ext4_decode_error function in fs/ext4/super.c in the ext4 filesystem in the Linux kernel before 2.6.32 allows user-assisted remote attackers to cause a denial of service (NULL pointer dereference), and possibly have unspecified other impact, via a crafted read-only filesystem that lacks a journal."
CVE-2009-4141,CWE-399,"Use-after-free vulnerability in the fasync_helper function in fs/fcntl.c in the Linux kernel before 2.6.33-rc4-git1 allows local users to gain privileges via vectors that include enabling O_ASYNC (aka FASYNC or FIOASYNC) on a locked file, and then closing this file."
CVE-2009-4138,CWE-399,"drivers/firewire/ohci.c in the Linux kernel before 2.6.32-git9, when packet-per-buffer mode is used, allows local users to cause a denial of service (NULL pointer dereference and system crash) or possibly have unknown other impact via an unspecified ioctl associated with receiving an ISO packet that contains zero in the payload-length field."
CVE-2009-4021,CWE-399,"The fuse_direct_io function in fs/fuse/file.c in the fuse subsystem in the Linux kernel before 2.6.32-rc7 might allow attackers to cause a denial of service (invalid pointer dereference and OOPS) via vectors possibly related to a memory-consumption attack."
CVE-2009-3888,CWE-399,"The do_mmap_pgoff function in mm/nommu.c in the Linux kernel before 2.6.31.6, when the CPU lacks a memory management unit, allows local users to cause a denial of service (OOPS) via an application that attempts to allocate a large amount of memory."
CVE-2009-3726,CWE-399,"The nfs4_proc_lock function in fs/nfs/nfs4proc.c in the NFSv4 client in the Linux kernel before 2.6.31-rc4 allows remote NFS servers to cause a denial of service (NULL pointer dereference and panic) by sending a certain response containing incorrect file attributes, which trigger attempted use of an open file that lacks NFSv4 state."
CVE-2009-3613,CWE-399,"The swiotlb functionality in the r8169 driver in drivers/net/r8169.c in the Linux kernel before 2.6.27.22 allows remote attackers to cause a denial of service (IOMMU space exhaustion and system crash) by using jumbo frames for a large amount of network traffic, as demonstrated by a flood ping."
CVE-2009-3290,CWE-399,"The kvm_emulate_hypercall function in arch/x86/kvm/x86.c in KVM in the Linux kernel 2.6.25-rc1, and other versions before 2.6.31, when running on x86 systems, does not prevent access to MMU hypercalls from ring 0, which allows local guest OS users to cause a denial of service (guest kernel crash) and read or write guest kernel memory via unspecified random addresses."
CVE-2009-3043,CWE-399,"The tty_ldisc_hangup function in drivers/char/tty_ldisc.c in the Linux kernel 2.6.31-rc before 2.6.31-rc8 allows local users to cause a denial of service (system crash, sometimes preceded by a NULL pointer dereference) or possibly gain privileges via certain pseudo-terminal I/O activity, as demonstrated by KernelTtyTest.c."
CVE-2009-2903,CWE-399,"Memory leak in the appletalk subsystem in the Linux kernel 2.4.x through 2.4.37.6 and 2.6.x through 2.6.31, when the appletalk and ipddp modules are loaded but the ipddpN device is not found, allows remote attackers to cause a denial of service (memory consumption) via IP-DDP datagrams."
CVE-2009-2844,CWE-399,"cfg80211 in net/wireless/scan.c in the Linux kernel 2.6.30-rc1 and other versions before 2.6.31-rc6 allows remote attackers to cause a denial of service (crash) via a sequence of beacon frames in which one frame omits an SSID Information Element (IE) and the subsequent frame contains an SSID IE, which triggers a NULL pointer dereference in the cmp_ies function.  NOTE: a potential weakness in the is_mesh function was also addressed, but the relevant condition did not exist in the code, so it is not a vulnerability."
CVE-2009-1758,CWE-399,"The hypervisor_callback function in Xen, possibly before 3.4.0, as applied to the Linux kernel 2.6.30-rc4, 2.6.18, and probably other versions allows guest user applications to cause a denial of service (kernel oops) of the guest OS by triggering a segmentation fault in certain address ranges."
CVE-2009-1493,CWE-399,"The customDictionaryOpen spell method in the JavaScript API in Adobe Reader 9.1, 8.1.4, 7.1.1, and earlier on Linux and UNIX allows remote attackers to cause a denial of service (memory corruption) or execute arbitrary code via a PDF file that triggers a call to this method with a long string in the second argument."
CVE-2009-1046,CWE-399,"The console selection feature in the Linux kernel 2.6.28 before 2.6.28.4, 2.6.25, and possibly earlier versions, when the UTF-8 console is used, allows physically proximate attackers to cause a denial of service (memory corruption) by selecting a small number of 3-byte UTF-8 characters, which triggers an an off-by-two memory error. NOTE: it is not clear whether this issue crosses privilege boundaries."
CVE-2009-0935,CWE-399,"The inotify_read function in the Linux kernel 2.6.27 to 2.6.27.13, 2.6.28 to 2.6.28.2, and 2.6.29-rc3 allows local users to cause a denial of service (OOPS) via a read with an invalid address to an inotify instance, which causes the device's event list mutex to be unlocked twice and prevents proper synchronization of a data structure for the inotify instance."
CVE-2009-0747,CWE-399,"The ext4_isize function in fs/ext4/ext4.h in the Linux kernel 2.6.27 before 2.6.27.19 and 2.6.28 before 2.6.28.7 uses the i_size_high structure member during operations on arbitrary types of files, which allows local users to cause a denial of service (CPU consumption and error-message flood) by attempting to mount a crafted ext4 filesystem."
CVE-2009-0269,CWE-399,"fs/ecryptfs/inode.c in the eCryptfs subsystem in the Linux kernel before 2.6.28.1 allows local users to cause a denial of service (fault or memory corruption), or possibly have unspecified other impact, via a readlink call that results in an error, leading to use of a -1 return value as an array index."
CVE-2009-0031,CWE-399,"Memory leak in the keyctl_join_session_keyring function (security/keys/keyctl.c) in Linux kernel 2.6.29-rc2 and earlier allows local users to cause a denial of service (kernel memory consumption) via unknown vectors related to a missing kfree."
CVE-2008-6903,CWE-399,"Sophos Anti-Virus for Windows before 7.6.3, Anti-Virus for Windows NT/9x before 4.7.18, Anti-Virus for OS X before 4.9.18, Anti-Virus for Linux before 6.4.5, Anti-Virus for UNIX before 7.0.5, Anti-Virus for Unix and Netware before 4.37.0, Sophos EM Library, and Sophos small business solutions, when CAB archive scanning is enabled, allows remote attackers to cause a denial of service (segmentation fault) via a fuzzed CAB archive file, as demonstrated by the OUSPG PROTOS GENOME test suite for Archive Formats."
CVE-2008-6107,CWE-399,"The (1) sys32_mremap function in arch/sparc64/kernel/sys_sparc32.c, the (2) sparc_mmap_check function in arch/sparc/kernel/sys_sparc.c, and the (3) sparc64_mmap_check function in arch/sparc64/kernel/sys_sparc.c, in the Linux kernel before 2.6.25.4, omit some virtual-address range (aka span) checks when the mremap MREMAP_FIXED bit is not set, which allows local users to cause a denial of service (panic) via unspecified mremap calls, a related issue to CVE-2008-2137."
CVE-2008-5747,CWE-399,"F-Prot 4.6.8 for GNU/Linux allows remote attackers to bypass anti-virus protection via a crafted ELF program with a corrupted header that still allows the program to be executed.  NOTE: due to an error in the initial disclosure, F-secure was incorrectly stated as the vendor."
CVE-2008-5713,CWE-399,"The __qdisc_run function in net/sched/sch_generic.c in the Linux kernel before 2.6.25 on SMP machines allows local users to cause a denial of service (soft lockup) by sending a large amount of network traffic, as demonstrated by multiple simultaneous invocations of the Netperf benchmark application in UDP_STREAM mode."
CVE-2008-5700,CWE-399,"libata in the Linux kernel before 2.6.27.9 does not set minimum timeouts for SG_IO requests, which allows local users to cause a denial of service (Programmed I/O mode on drives) via multiple simultaneous invocations of an unspecified test program."
CVE-2008-5300,CWE-399,"Linux kernel 2.6.28 allows local users to cause a denial of service (soft lockup and process loss) via a large number of sendmsg function calls, which does not block during AF_UNIX garbage collection and triggers an OOM condition, a different vulnerability than CVE-2008-5029."
CVE-2008-5079,CWE-399,"net/atm/svc.c in the ATM subsystem in the Linux kernel 2.6.27.8 and earlier allows local users to cause a denial of service (kernel infinite loop) by making two calls to svc_listen for the same socket, and then reading a /proc/net/atm/*vc file, related to corruption of the vcc table."
CVE-2008-5033,CWE-399,"The chip_command function in drivers/media/video/tvaudio.c in the Linux kernel 2.6.25.x before 2.6.25.19, 2.6.26.x before 2.6.26.7, and 2.6.27.x before 2.6.27.3 allows attackers to cause a denial of service (NULL function pointer dereference and OOPS) via unknown vectors."
CVE-2008-4310,CWE-399,"httputils.rb in WEBrick in Ruby 1.8.1 and 1.8.5, as used in Red Hat Enterprise Linux 4 and 5, allows remote attackers to cause a denial of service (CPU consumption) via a crafted HTTP request.  NOTE: this issue exists because of an incomplete fix for CVE-2008-3656."
CVE-2008-4302,CWE-399,"fs/splice.c in the splice subsystem in the Linux kernel before 2.6.22.2 does not properly handle a failure of the add_to_page_cache_lru function, and subsequently attempts to unlock a page that was not locked, which allows local users to cause a denial of service (kernel BUG and system crash), as demonstrated by the fio I/O tool."
CVE-2008-4197,CWE-399,"Opera before 9.52 on Windows, Linux, FreeBSD, and Solaris, when processing custom shortcut and menu commands, can produce argument strings that contain uninitialized memory, which might allow user-assisted remote attackers to execute arbitrary code or conduct other attacks via vectors related to activation of a shortcut."
CVE-2008-3832,CWE-399,"A certain Fedora patch for the utrace subsystem in the Linux kernel before 2.6.26.5-28 on Fedora 8, and before 2.6.26.5-45 on Fedora 9, allows local users to cause a denial of service (NULL pointer dereference and system crash or hang) via a call to the utrace_control function."
CVE-2008-3831,CWE-399,"The i915 driver in (1) drivers/char/drm/i915_dma.c in the Linux kernel 2.6.24 on Debian GNU/Linux and (2) sys/dev/pci/drm/i915_drv.c in OpenBSD does not restrict the DRM_I915_HWS_ADDR ioctl to the Direct Rendering Manager (DRM) master, which allows local users to cause a denial of service (memory corruption) via a crafted ioctl call, related to absence of the DRM_MASTER and DRM_ROOT_ONLY flags in the ioctl's configuration."
CVE-2008-3686,CWE-399,"The rt6_fill_node function in net/ipv6/route.c in Linux kernel 2.6.26-rc4, 2.6.26.2, and possibly other 2.6.26 versions, allows local users to cause a denial of service (kernel OOPS) via IPv6 requests when no IPv6 input device is in use, which triggers a NULL pointer dereference."
CVE-2008-3534,CWE-399,"The shmem_delete_inode function in mm/shmem.c in the tmpfs implementation in the Linux kernel before 2.6.26.1 allows local users to cause a denial of service (system crash) via a certain sequence of file create, remove, and overwrite operations, as demonstrated by the insserv program, related to allocation of useless pages and improper maintenance of the i_blocks count."
CVE-2008-3275,CWE-399,"The (1) real_lookup and (2) __lookup_hash functions in fs/namei.c in the vfs implementation in the Linux kernel before 2.6.25.15 do not prevent creation of a child dentry for a deleted (aka S_DEAD) directory, which allows local users to cause a denial of service (overflow of the UBIFS orphan area) via a series of attempted file creations within deleted directories."
CVE-2008-3077,CWE-399,"arch/x86/kernel/ptrace.c in the Linux kernel before 2.6.25.10 on the x86_64 platform leaks task_struct references into the sys32_ptrace function, which allows local users to cause a denial of service (system crash) or have unspecified other impact via unknown vectors, possibly a use-after-free vulnerability."
CVE-2008-2944,CWE-399,"Double free vulnerability in the utrace support in the Linux kernel, probably 2.6.18, in Red Hat Enterprise Linux (RHEL) 5 and Fedora Core 6 (FC6) allows local users to cause a denial of service (oops), as demonstrated by a crash when running the GNU GDB testsuite, a different vulnerability than CVE-2008-2365."
CVE-2008-2375,CWE-399,"Memory leak in a certain Red Hat deployment of vsftpd before 2.0.5 on Red Hat Enterprise Linux (RHEL) 3 and 4, when PAM is used, allows remote attackers to cause a denial of service (memory consumption) via a large number of invalid authentication attempts within the same session, a different vulnerability than CVE-2007-5962."
CVE-2008-2136,CWE-399,"Memory leak in the ipip6_rcv function in net/ipv6/sit.c in the Linux kernel 2.4 before 2.4.36.5 and 2.6 before 2.6.25.3 allows remote attackers to cause a denial of service (memory consumption) via network traffic to a Simple Internet Transition (SIT) tunnel interface, related to the pskb_may_pull and kfree_skb functions, and management of an skb reference count."
CVE-2008-1675,CWE-399,"The bdx_ioctl_priv function in the tehuti driver (tehuti.c) in Linux kernel 2.6.x before 2.6.25.1 does not properly check certain information related to register size, which has unspecified impact and local attack vectors, probably related to reading or writing kernel memory."
CVE-2008-1615,CWE-399,"Linux kernel 2.6.18, and possibly other versions, when running on AMD64 architectures, allows local users to cause a denial of service (crash) via certain ptrace calls."
CVE-2008-1514,CWE-399,"arch/s390/kernel/ptrace.c in Linux kernel 2.6.9, and other versions before 2.6.27-rc6, on s390 platforms allows local users to cause a denial of service (kernel panic) via the user-area-padding test from the ptrace testsuite in 31-bit mode, which triggers an invalid dereference."
CVE-2008-1367,CWE-399,"gcc 4.3.x does not generate a cld instruction while compiling functions used for string manipulation such as memcpy and memmove on x86 and i386, which can prevent the direction flag (DF) from being reset in violation of ABI conventions and cause data to be copied in the wrong direction during signal handling in the Linux kernel, which might allow context-dependent attackers to trigger memory corruption. NOTE: this issue was originally reported for CPU consumption in SBCL."
CVE-2008-0007,CWE-399,"Linux kernel before 2.6.22.17, when using certain drivers that register a fault handler that does not perform range checks, allows local users to access kernel memory via an out-of-range offset."
CVE-2007-5962,CWE-399,"Memory leak in a certain Red Hat patch, applied to vsftpd 2.0.5 on Red Hat Enterprise Linux (RHEL) 5 and Fedora 6 through 8, and on Foresight Linux and rPath appliances, allows remote attackers to cause a denial of service (memory consumption) via a large number of CWD commands, as demonstrated by an attack on a daemon with the deny_file configuration option."
CVE-2007-5501,CWE-399,"The tcp_sacktag_write_queue function in net/ipv4/tcp_input.c in Linux kernel 2.6.21 through 2.6.23.7, and 2.6.24-rc through 2.6.24-rc2, allows remote attackers to cause a denial of service (crash) via crafted ACK responses that trigger a NULL pointer dereference."
CVE-2007-5498,CWE-399,"The Xen hypervisor block backend driver for Linux kernel 2.6.18, when running on a 64-bit host with a 32-bit paravirtualized guest, allows local privileged users in the guest OS to cause a denial of service (host OS crash) via a request that specifies a large number of blocks."
CVE-2007-5494,CWE-399,"Memory leak in the Red Hat Content Accelerator kernel patch in Red Hat Enterprise Linux (RHEL) 4 and 5 allows local users to cause a denial of service (memory consumption) via a large number of open requests involving O_ATOMICLOOKUP."
CVE-2007-5093,CWE-399,"The disconnect method in the Philips USB Webcam (pwc) driver in Linux kernel 2.6.x before 2.6.22.6 relies on user space to close the device, which allows user-assisted local attackers to cause a denial of service (USB subsystem hang and CPU consumption in khubd) by not closing the device after the disconnect is invoked.  NOTE: this rarely crosses privilege boundaries, unless the attacker can convince the victim to unplug the affected device."
CVE-2007-5001,CWE-399,"Linux kernel before 2.4.21 allows local users to cause a denial of service (kernel panic) via asynchronous input or output on a FIFO special file."
CVE-2007-4577,CWE-399,"Sophos Anti-Virus for Unix/Linux before 2.48.0 allows remote attackers to cause a denial of service (infinite loop) via a malformed BZip file that results in the creation of multiple Engine temporary files (aka a BZip bomb)."
CVE-2007-3851,CWE-399,"The drm/i915 component in the Linux kernel before 2.6.22.2, when used with i965G and later chipsets, allows local users with access to an X11 session and Direct Rendering Manager (DRM) to write to arbitrary memory locations and gain privileges via a crafted batchbuffer."
CVE-2007-3104,CWE-399,"The sysfs_readdir function in the Linux kernel 2.6, as used in Red Hat Enterprise Linux (RHEL) 4.5 and other distributions, allows users to cause a denial of service (kernel OOPS) by dereferencing a null pointer to an inode in a dentry."
CVE-2007-2789,CWE-399,"The BMP image parser in Sun Java Development Kit (JDK) before 1.5.0_11-b03 and 1.6.x before 1.6.0_01-b06, and Sun Java Runtime Environment in JDK and JRE 6, JDK and JRE 5.0 Update 10 and earlier, SDK and JRE 1.4.2_14 and earlier, and SDK and JRE 1.3.1_19 and earlier, when running on Unix/Linux systems, allows remote attackers to cause a denial of service (JVM hang) via untrusted applets or applications that open arbitrary local files via a crafted BMP file, such as /dev/tty."
CVE-2007-1861,CWE-399,"The nl_fib_lookup function in net/ipv4/fib_frontend.c in Linux Kernel before 2.6.20.8 allows attackers to cause a denial of service (kernel panic) via NETLINK_FIB_LOOKUP replies, which trigger infinite recursion and a stack overflow."
CVE-2007-1388,CWE-399,"The do_ipv6_setsockopt function in net/ipv6/ipv6_sockglue.c in Linux kernel before 2.6.20, and possibly other versions, allows local users to cause a denial of service (oops) by calling setsockopt with the IPV6_RTHDR option name and possibly a zero option length or invalid option value, which triggers a NULL pointer dereference."
CVE-2007-0772,CWE-399,"The Linux kernel 2.6.13 and other versions before 2.6.20.1 allows remote attackers to cause a denial of service (oops) via a crafted NFSACL 2 ACCESS request that triggers a free of an incorrect pointer."
CVE-2006-7229,CWE-399,"The skge driver 1.5 in Linux kernel 2.6.15 on Ubuntu does not properly use the spin_lock and spin_unlock functions, which allows remote attackers to cause a denial of service (machine crash) via a flood of network traffic."
CVE-2006-6304,CWE-399,"The do_coredump function in fs/exec.c in the Linux kernel 2.6.19 sets the flag variable to O_EXCL but does not use it, which allows context-dependent attackers to modify arbitrary files via a rewrite attack during a core dump."
CVE-2006-5645,CWE-399,"Sophos Anti-Virus and Endpoint Security before 6.0.5, Anti-Virus for Linux before 5.0.10, and other platforms before 4.11, when Enabled scanning of archives is set, allows remote attackers to cause a denial of service (infinite loop) via a malformed RAR archive with an Archive Header section with the head_size and pack_size fields set to zero."
CVE-2006-5619,CWE-399,"The seqfile handling (ip6fl_get_n function in ip6_flowlabel.c) in Linux kernel 2.6 up to 2.6.18-stable allows local users to cause a denial of service (hang or oops) via unspecified manipulations that trigger an infinite loop while searching for flowlabels."
CVE-2006-4814,CWE-399,"The mincore function in the Linux kernel before 2.4.33.6 does not properly lock access to user space, which has unspecified impact and attack vectors, possibly related to a deadlock."
CVE-2006-4535,CWE-399,"The Linux kernel 2.6.17.10 and 2.6.17.11 and 2.6.18-rc5 allows local users to cause a denial of service (crash) via an SCTP socket with a certain SO_LINGER value, possibly related to the patch for CVE-2006-3745.  NOTE: older kernel versions for specific Linux distributions are also affected, due to backporting of the CVE-2006-3745 patch."
CVE-2006-4145,CWE-399,"The Universal Disk Format (UDF) filesystem driver in Linux kernel 2.6.17 and earlier allows local users to cause a denial of service (hang and crash) via certain operations involving truncated files, as demonstrated via the dd command."
CVE-2006-3121,CWE-399,"The peel_netstring function in cl_netstring.c in the heartbeat subsystem in High-Availability Linux before 1.2.5, and 2.0 before 2.0.7, allows remote attackers to cause a denial of service (crash) via the length parameter in a heartbeat message."
CVE-2006-3083,CWE-399,"The (1) krshd and (2) v4rcp applications in (a) MIT Kerberos 5 (krb5) up to 1.5, and 1.4.x before 1.4.4, when running on Linux and AIX, and (b) Heimdal 0.7.2 and earlier, do not check return codes for setuid calls, which allows local users to gain privileges by causing setuid to fail to drop privileges using attacks such as resource exhaustion."
CVE-2006-2936,CWE-399,"The ftdi_sio driver (usb/serial/ftdi_sio.c) in Linux kernel 2.6.x up to 2.6.17, and possibly later versions, allows local users to cause a denial of service (memory consumption) by writing more data to the serial port than the hardware can handle, which causes the data to be queued."
CVE-2006-2934,CWE-399,"SCTP conntrack (ip_conntrack_proto_sctp.c) in netfilter for Linux kernel 2.6.17 before 2.6.17.3 and 2.6.16 before 2.6.16.23 allows remote attackers to cause a denial of service (crash) via a packet without any chunks, which causes a variable to contain an invalid value that is later used to dereference a pointer."
CVE-2006-2451,CWE-399,"The suid_dumpable support in Linux kernel 2.6.13 up to versions before 2.6.17.4, and 2.6.16 before 2.6.16.24, allows a local user to cause a denial of service (disk consumption) and possibly gain privileges via the PR_SET_DUMPABLE argument of the prctl function and a program that causes a core dump file to be created in a directory for which the user does not have permissions."
CVE-2006-1525,CWE-399,"ip_route_input in Linux kernel 2.6 before 2.6.16.8 allows local users to cause a denial of service (panic) via a request for a route for a multicast IP address, which triggers a null dereference."
CVE-2006-0454,CWE-399,"Linux kernel before 2.6.15.3 down to 2.6.12, while constructing an ICMP response in icmp_send, does not properly handle when the ip_options_echo function in icmp.c fails, which allows remote attackers to cause a denial of service (crash) via vectors such as (1) record-route and (2) timestamp IP options with the needaddr bit set and a truncated value."
CVE-2006-0035,CWE-399,"The netlink_rcv_skb function in af_netlink.c in Linux kernel 2.6.14 and 2.6.15 allows local users to cause a denial of service (infinite loop) via a nlmsg_len field of 0."
CVE-2005-3857,CWE-399,"The time_out_leases function in locks.c for Linux kernel before 2.6.15-rc3 allows local users to cause a denial of service (kernel log message consumption) by causing a large number of broken leases, which is recorded to the log using the printk function."
CVE-2005-3806,CWE-399,"The IPv6 flow label handling code (ip6_flowlabel.c) in Linux kernels 2.4 up to 2.4.32 and 2.6 before 2.6.14 modifies the wrong variable in certain circumstances, which allows local users to corrupt kernel memory or cause a denial of service (crash) by triggering a free of non-allocated memory."
CVE-2005-3784,CWE-399,"The auto-reap of child processes in Linux kernel 2.6 before 2.6.15 includes processes with ptrace attached, which leads to a dangling ptrace reference and allows local users to cause a denial of service (crash) and gain root privileges."
CVE-2005-3181,CWE-399,"The audit system in Linux kernel 2.6.6, and other versions before 2.6.13.4, when CONFIG_AUDITSYSCALL is enabled, uses an incorrect function to free names_cache memory, which prevents the memory from being tracked by AUDITSYSCALL code and leads to a memory leak that allows attackers to cause a denial of service (memory consumption)."
CVE-2005-3119,CWE-399,"Memory leak in the request_key_auth_destroy function in request_key_auth in Linux kernel 2.6.10 up to 2.6.13 allows local users to cause a denial of service (memory consumption) via a large number of authorization token keys."
CVE-2005-3109,CWE-399,"The HFS and HFS+ (hfsplus) modules in Linux 2.6 allow attackers to cause a denial of service (oops) by using hfsplus to mount a filesystem that is not hfsplus."
CVE-2005-2709,CWE-399,"The sysctl functionality (sysctl.c) in Linux kernel before 2.6.14.1 allows local users to cause a denial of service (kernel oops) and possibly execute code by opening an interface file in /proc/sys/net/ipv4/conf/, waiting until the interface is unregistered, then obtaining and modifying function pointers in memory that was used for the ctl_table."
CVE-2005-2708,CWE-399,"The search_binary_handler function in exec.c in Linux 2.4 kernel on 64-bit x86 architectures does not check a return code for a particular function call when virtual memory is low, which allows local users to cause a denial of service (panic), as demonstrated by running a process using the bash ulimit -v command."
CVE-2005-2548,CWE-399,"vlan_dev.c in the VLAN code for Linux kernel 2.6.8 allows remote attackers to cause a denial of service (kernel oops from null dereference) via certain UDP packets that lead to a function call with the wrong argument, as demonstrated using snmpwalk on snmpd."
CVE-2005-2099,CWE-399,"The Linux kernel before 2.6.12.5 does not properly destroy a keyring that is not instantiated properly, which allows local users or remote attackers to cause a denial of service (kernel oops) via a keyring with a payload that is not empty, which causes the creation to fail, leading to a null dereference in the keyring destructor."
CVE-2005-0756,CWE-399,"ptrace in Linux kernel 2.6.8.1 does not properly verify addresses on the amd64 platform, which allows local users to cause a denial of service (kernel crash)."
CVE-2005-0210,CWE-399,"Netfilter in the Linux kernel 2.6.8.1 allows local users to cause a denial of service (memory consumption) via certain packet fragments that are reassembled twice, which causes a data structure to be allocated twice."
